CO2,Temp,Humidity,People,Time_Closed,Target
999.2641901557799,33.623988289499806,42.067268846744305,43,57.1452836146817,0.69778137318499
1921.142890255866,23.593428360004587,61.25418526272592,38,99.76457880750014,0.8454365177165254
1571.190306898248,22.173423081368348,61.62540486440426,26,36.933268772525935,0.5525946928323117
1357.8535747152587,27.341791404163445,65.49719605992826,9,97.96628822556748,0.6856531984826618
649.6298247078985,34.78475681165901,69.04365334890646,25,116.15685185277877,0.7282305999587796
649.5912325379243,23.630829072672505,79.03408317850139,18,10.608986803877588,0.31606206780566204
492.93377946911914,30.08203321108818,60.65201393204781,38,95.01814073635595,0.5176037612422948
1785.8818332398962,31.424294229930766,52.91825891764984,2,70.79470765651632,0.7050061729728064
1361.784018789134,23.564563159885996,71.80744779074814,44,57.60551604221702,0.6692143246198077
1532.9161244736729,30.923245229177894,50.83329005048297,12,50.46429343980901,0.6747385121314935
432.9351908732839,25.516746990788796,57.558856828225444,49,94.16019167331714,0.576185136947977
1951.855763459191,29.48458745890369,43.13825525369064,27,76.72336283690908,0.7638413977768412
1731.9082252806747,29.50294566141342,41.0140297366183,19,96.60536010232343,0.8201888202005394
739.7425770852419,28.036620261121378,78.505936587117,27,108.37812704119516,0.6098033394993224
690.919947531361,21.354346550816125,73.43920482048824,7,74.07164545167504,0.3829605181294403
693.4472157654941,32.52953743383857,67.83896824374793,40,117.65552701108534,0.7508115779711368
886.7875887352603,24.811700974576038,56.35811777657079,38,72.97054194502623,0.5774177275957761
1239.6102906115807,22.797777655997812,46.931772802833834,0,76.3973185946739,0.4449039872149632
1091.1120298273852,20.61162712332146,46.25748170684344,2,66.57787302506708,0.46755064760255605
865.9666243168671,28.863394147823627,50.00971592658381,12,10.920250926159634,0.49535193639669933
1378.964631555807,30.163465427634236,61.969066588244814,27,87.1676439180274,0.7415724635668486
623.1901770432669,20.248817433917843,68.5838369080025,48,65.69355682789339,0.5797615147219133
867.4314376563491,27.681395874489215,66.40789506870925,24,54.10925368993253,0.5776526761973866
986.1789492699068,23.39743662796907,51.197355877837715,32,109.25655340839276,0.6406070565779309
1129.7119747472575,29.677591856141746,78.19461122652777,37,35.75513418503406,0.6294300088551675
1656.2815382288218,22.61549643507487,69.51587666783074,5,62.83227312180134,0.5634264338193797
719.4780514533757,30.36406607153699,62.17416210045603,43,83.7170245792156,0.6830414667232944
1222.7751014617786,25.801030194508062,64.46882984937409,44,95.57661308086527,0.7335267107762357
1347.863310179268,34.050949831051014,56.7840024971116,31,55.121616953540695,0.7723849140709352
474.32066035199637,22.0628141621899,49.9092395800463,44,101.05096980224516,0.45881925146680375
1372.0717630423014,25.115995265753877,54.238907146050465,46,92.2701289578477,0.725546767039868
672.8385978996664,21.702102818608836,70.31384441857476,20,7.948317342223903,0.502560286620152
504.0825487764472,33.87040427417844,40.57573954519023,15,5.503351968555954,0.4833470449346543
1918.2168596053332,33.160090300714714,44.64290562027665,20,74.49668213065095,0.8247308083469309
1945.011252919295,23.869124415727335,41.84010568087011,10,41.68960898704971,0.7037323047468328
1693.4357569863378,29.899760690512686,41.62915209275881,36,25.0956949294217,0.8703064198599654
887.3820306773931,32.25833300301824,74.21842336044028,35,69.5579921366086,0.7518438738657317
556.2753824102142,28.328012173991937,68.14631437520094,34,40.9875852547854,0.44524689258199857
1494.772842419451,27.944758675340097,58.96695316349301,18,64.4716100056884,0.6036823551333153
1104.243989983362,23.627784363506777,43.91336642604006,19,55.214299078028645,0.46471404709040526
595.2611757516461,21.396541517088487,59.66463500467329,17,70.17193271389844,0.39157237858756133
1192.2830561780324,33.458236369299904,58.93887083122263,46,48.03605866923376,0.7520175082246752
455.02163378434943,33.506270857449955,46.92807479640061,40,83.7201088436318,0.620068448679524
1854.9126433260512,29.49652185909902,57.35406596951892,48,21.608072681915825,0.7572926489616261
814.0479705600271,25.08544686573051,55.94018937589494,13,83.58017594724947,0.4061102654082337
1460.035654966371,25.238143619189913,64.63400392208865,14,49.39934572290338,0.5672606283885967
898.7377217430576,30.88933518305359,65.40374603470575,30,104.91811258253006,0.6977535982547437
1232.1088338844972,33.45665389928865,41.81216039088178,0,61.828326583705305,0.6392348369847627
1274.7364469492475,33.306296363976756,54.98450458505885,2,116.77324191241252,0.7310321075464021
695.7671288408433,31.698133187864357,65.03439662856945,15,72.23224746491522,0.5294287372434178
1951.3354044232938,29.630474692314316,60.12545034320351,22,26.86188790875847,0.7960351593574901
1640.2125173777833,21.262099474925733,74.25959364753288,10,98.6148764213339,0.6829628821404194
1903.1983065027025,22.424430711419205,66.3477452647578,11,41.40991533868641,0.6265143785470271
1831.7237606842382,33.47831282790619,46.51737708325719,9,41.71430573792202,0.7434558847579782
1356.6399660977363,29.09643589489385,42.82274989601719,31,3.816561778219816,0.6808417396097844
1874.998776036987,20.137955774249445,65.69677112825262,15,65.84583710488903,0.6170244547674487
541.5880032830712,21.522073142990482,41.06045242166487,7,64.13082044790276,0.45633967223944283
713.5725798706324,29.952526536620837,63.43102325093853,37,42.71897811263833,0.581108992007788
472.3636622568609,20.075923757693282,77.6092096569983,11,107.3060715475111,0.4043255666428122
920.5285292212229,22.41212077126248,63.01896711503516,23,15.44980779595727,0.4337173690022097
1021.8836635031712,28.231006840498793,55.526797048260875,27,39.611941597218646,0.54839543287062
834.1584508382334,30.3784279653904,65.73152873769413,7,38.58993176160348,0.3775507620116812
1725.9800146430869,29.779418892539006,58.33011561966067,27,11.07487034744953,0.7204350173084711
970.8053227097429,23.3640396419084,61.8246715726374,35,57.737447286755184,0.7078232613603199
849.4952154998092,30.68268832021304,77.658592351061,25,82.53416605152997,0.5507410137204575
1268.3137330531977,23.558736312452,55.44410551203097,7,61.398841625671345,0.6835703199084171
625.4787599596202,24.880995472389017,78.44762255295657,49,18.837321925943247,0.6207717588717843
1683.5151692064635,31.197371076770363,76.21402567824255,27,45.27431582904871,0.7261582291175334
519.2810298876333,29.74449348570822,47.831645391571854,27,0.31140292603758724,0.4684317449629057
1979.0190985608276,32.738351157412666,42.77445203500662,36,104.19613284427042,0.900493353512086
1635.5916308746519,29.86419338450515,44.03112005509706,40,10.142040921681833,0.8368570260514998
717.9450904546759,28.524629050032075,40.72887302606199,35,71.67336987065167,0.6136644332512226
408.83538739776384,21.40512151742139,43.77771843023714,26,118.35083950401781,0.5269639496466513
1704.7382855277347,25.515737045891502,67.32027093665428,16,64.3908775184799,0.6952216315085604
1530.9717501561875,23.978035515225884,42.84754593840916,8,110.88501109289197,0.6305259186141863
1566.4114688655798,23.659844650686253,52.759025211750455,32,28.333983974088518,0.6840137837728456
1634.0325546975132,34.59515832128668,73.79501243877817,19,91.19464907251027,0.7549847686078287
518.4714427745446,25.896465870001407,40.93087742943303,12,63.75189047682409,0.35418036923587237
973.5451656708361,33.3806983276567,72.57873930355743,27,86.46192736697579,0.7015653394510608
585.3904952402075,29.467079389958943,51.274190990936,47,7.480963501348974,0.48882897908165945
1780.9654814009496,31.922169553124725,44.726593104866254,28,17.728691028747203,0.7431438928006944
1397.2770029240928,27.539556396577883,67.86948661456603,12,15.97403143049739,0.5548272196048917
929.4368397642387,28.653558269395386,65.15771387119536,45,82.45986064839973,0.7123735430692734
501.6933604576378,27.38776540728296,75.09888054108211,34,101.33288071603545,0.6337702435211351
897.5717147450596,22.928644816970667,69.40284175215544,5,89.95394784103048,0.531255739803228
920.2933152427953,30.83678172892258,72.13923721539393,17,3.656658328031299,0.5530424012288666
1567.3698853409026,24.211585436612836,51.28138290285226,4,104.0657977289668,0.592229768065581
1420.091954168341,20.364739496471806,47.09758175118891,46,42.49760049517506,0.6688145102029159
1819.5403881221225,29.682084438607518,70.02459006563433,24,47.6596599004899,0.7375786421386779
1155.5438802591189,22.656660191105736,72.27338957069057,1,12.584299983897708,0.4162815648637917
591.3507935012827,34.106878765293715,79.62020568002694,9,88.4886247312583,0.5002327990093854
1541.191659556792,34.30892865503881,56.50470707645706,29,21.874065417114966,0.7150863493344788
1617.2560777870358,33.72296585330673,54.88072343171133,49,67.67581104226036,0.8412304081526093
1298.043516111194,25.552380503831664,71.05651842967987,44,100.88519830535174,0.7862942570300168
1633.5474879272977,20.231849247933013,53.63214161012071,4,10.704519445446742,0.47231393670992927
1190.072954183025,33.92477843881588,77.23029302414258,32,64.24026768186282,0.6738582573128162
1236.3725270111904,26.422762224759715,74.33651007372048,0,27.985969385976148,0.4179066295746116
1084.0656293736793,34.49982228565504,57.15976109500073,17,41.15122371339123,0.6855927148765761
440.6706027905523,34.45429965633879,70.03484271165989,31,56.87639297166674,0.5150285352511906
572.626283189287,32.7951418320104,70.1817149633873,46,42.61251639351657,0.6481756642548413
450.2866970987748,24.416733381043784,44.12495475343731,48,77.85874083498912,0.5799918525827603
1418.2566580220487,25.77646592902888,76.10211626718267,10,57.549852210510025,0.6584926093689065
902.9695697221227,32.76705007275285,60.21009489791429,20,70.10393816570031,0.5893734566921112
1213.7131058635246,24.753830077344166,73.05829864430967,25,88.41869704738954,0.5812235657251363
1852.1063582817487,22.542391200291387,52.80198404122447,24,66.92907191405249,0.6376284954603095
798.8675666381998,28.352018936875254,75.82092913984802,21,70.3842521592911,0.4062125797278273
1056.6126768570075,34.04232161241171,55.56806714936653,26,67.73502510271695,0.6716273790239968
1608.8818216688778,30.440446950124596,40.433506059211936,48,45.45271511415472,0.8513453722687039
766.0770647865959,28.550917551340476,76.21527905677056,12,40.49362006463017,0.5032666520444643
523.1678557260688,21.457647406561527,43.65146707144534,32,107.95768765740148,0.4300327877573162
863.6023246620289,29.225108400487546,52.7725455036166,33,72.90662667522874,0.6679182235643957
657.9540596064071,34.85080775156395,78.0024786820322,40,29.32237865575854,0.5798365353510988
1887.516243748117,22.10126022854786,78.02428587750225,34,59.78972374187282,0.7074222172149829
1692.9926073030672,27.77494478545605,62.93751552493144,0,39.64181775370968,0.5736727131274546
1413.4460104166774,33.16059607891933,65.27348848679196,20,112.04301885118495,0.7442125112610783
1794.3369443003483,31.111529266313067,57.937820879132786,47,0.9041235760889688,0.7400559974517354
1685.8753230385832,30.455236114929022,51.72843086792258,5,27.039935725503387,0.6389014296781195
698.5120942176574,30.53726125980664,53.14658181479664,27,43.842818360886916,0.5674584667356062
1828.0943975839643,25.392367268296326,66.90073824308153,16,58.53717609704855,0.7514149167095302
1262.9475870650413,24.4038776639674,70.09498117750721,4,102.09810214033755,0.5716451963202628
1691.9042482625,32.140417332177705,71.66316174903395,30,10.546514944817265,0.6756774786154909
1833.7460798775892,32.15170092018771,71.58472571178216,4,96.7037864089372,0.7463662239195665
908.8055599549822,33.006084778701556,43.64824412194761,37,6.678418722837041,0.5652228453325441
576.0830792442828,33.69860828834707,59.77681218810326,2,101.07768423578179,0.4403959754604449
764.6962600671067,27.67013598291407,42.30235040066577,22,6.19625734494154,0.41514021376313714
1083.37246180201,27.522744420307994,61.981155292949424,36,2.1890977714033255,0.5028452943968911
1708.823625475989,31.974427684501627,57.66122005493508,36,83.63537548397059,0.8011692359450842
1777.1689332101496,29.749458961666477,75.508167310332,9,119.67066417220732,0.8025991397997846
411.1234088499051,30.529503158865552,54.03660050208315,9,107.5932315568825,0.5823913644861792
1217.1956841241051,31.936890041541517,44.682680657104235,18,69.11981013667919,0.6181044924730239
1067.8576050380464,33.350080127263496,45.719667282113434,16,110.0874735702638,0.7094741883169038
755.3724967531684,25.069927352773036,70.46042526869888,20,0.63600076771265,0.42676047567376196
591.7845877338925,25.63374428959916,64.72872253265044,13,117.0080595534171,0.4050446560654289
940.1842742458048,21.409729097613035,44.04490704491161,8,58.889853511054135,0.48767080954116926
1908.6555262600307,28.67420211494261,43.364272244599896,45,86.74753159461308,0.8915402945248988
917.1246912332084,20.53913410695113,68.0387652583648,0,98.50337677840231,0.5324617868767567
1230.0649947893858,26.9839702719869,42.91052025456774,44,86.21487250038643,0.6484159757022825
1524.8303342322845,28.13966952061365,72.87440237161425,12,64.20440784538927,0.7874685427872573
981.8073638068704,24.298118781924266,68.24968908625985,3,57.194338095169435,0.5438788768927739
1954.8513323535371,28.862498908535162,43.25395122567599,0,100.62990704431498,0.7213251914503216
1939.915671907378,20.457503749085742,43.39350856340768,48,24.609307217935093,0.7609090329415162
802.8516733205827,20.560222831238217,79.46558314004702,39,116.15928798050811,0.5538097292817225
1195.5976094278167,32.33900840989487,54.97083183024481,31,85.31429746040979,0.7168929023848696
881.4052957068315,25.402859621168943,54.825685882675636,33,23.94083128059837,0.536773740857626
855.7447910039482,21.90590768977827,72.5119826903001,27,88.34966204381858,0.5662283703049114
459.01911576725246,27.833648900822066,77.88994309535434,30,63.580802781734,0.48864362585626453
1375.302934367835,31.54990329647916,79.44004255291483,7,84.86761147733334,0.7149595235540945
1204.2864371661785,23.23731541245265,70.13512741035767,38,92.13354017314066,0.6750645283854362
482.3660019999829,29.343357137285004,55.05038342123663,25,10.474821550761053,0.4438758567108347
845.8343427785783,21.28021197490652,43.340028667946754,33,60.732474763121644,0.5853934102083901
